Date/Time,Environment:Site Outdoor Air Drybulb Temperature [C](Hourly),Environment:Site Outdoor Air Humidity Ratio [kgWater/kgDryAir](Hourly),Environment:Site Outdoor Air Relative Humidity [%](Hourly),Environment:Site Outdoor Air Barometric Pressure [Pa](Hourly),0LT8GR_E9ESEGH5UY_G9E9:Zone Total Internal Total Heating Energy [J](Hourly),0E_HBKIQ5DMQLIJ$2V3J_M:Zone Total Internal Total Heating Energy [J](Hourly),17JZCMFRF5TOFTUTIDA0D3:Zone Total Internal Total Heating Energy [J](Hourly),2RSCZLOBZ4FAK$_WE8VCKM:Zone Total Internal Total Heating Energy [J](Hourly),2DQFGGKBB1FOC1CQZDIDLX:Zone Total Internal Total Heating Energy [J](Hourly),3$F2P7VYLB7EOX67SA_ZKE:Zone Total Internal Total Heating Energy [J](Hourly),347JFE2YX7IHCEIALMUPEH:Zone Total Internal Total Heating Energy [J](Hourly),Solar Enclosure 1:Zone Windows Total Heat Gain Rate [W](Hourly),Solar Enclosure 1:Zone Windows Total Transmitted Solar Radiation Energy [J](Hourly),Solar Enclosure 1:Zone Windows Total Heat Gain Energy [J](Hourly),0E_HBKIQ5DMQLIJ$2V3J_M:Zone Windows Total Heat Gain Rate [W](Hourly),0E_HBKIQ5DMQLIJ$2V3J_M:Zone Windows Total Transmitted Solar Radiation Energy [J](Hourly),0E_HBKIQ5DMQLIJ$2V3J_M:Zone Windows Total Heat Gain Energy [J](Hourly),2RSCZLOBZ4FAK$_WE8VCKM:Zone Windows Total Heat Gain Rate [W](Hourly),2RSCZLOBZ4FAK$_WE8VCKM:Zone Windows Total Transmitted Solar Radiation Energy [J](Hourly),2RSCZLOBZ4FAK$_WE8VCKM:Zone Windows Total Heat Gain Energy [J](Hourly),347JFE2YX7IHCEIALMUPEH:Zone Windows Total Heat Gain Rate [W](Hourly),347JFE2YX7IHCEIALMUPEH:Zone Windows Total Transmitted Solar Radiation Energy [J](Hourly),347JFE2YX7IHCEIALMUPEH:Zone Windows Total Heat Gain Energy [J](Hourly),0LT8GR_E9ESEGH5UY_G9E9:Zone Mean Air Temperature [C](Hourly),0LT8GR_E9ESEGH5UY_G9E9:Zone Operative Temperature [C](Hourly),0E_HBKIQ5DMQLIJ$2V3J_M:Zone Mean Air Temperature [C](Hourly),0E_HBKIQ5DMQLIJ$2V3J_M:Zone Operative Temperature [C](Hourly),17JZCMFRF5TOFTUTIDA0D3:Zone Mean Air Temperature [C](Hourly),17JZCMFRF5TOFTUTIDA0D3:Zone Operative Temperature [C](Hourly),2RSCZLOBZ4FAK$_WE8VCKM:Zone Mean Air Temperature [C](Hourly),2RSCZLOBZ4FAK$_WE8VCKM:Zone Operative Temperature [C](Hourly),2DQFGGKBB1FOC1CQZDIDLX:Zone Mean Air Temperature [C](Hourly),2DQFGGKBB1FOC1CQZDIDLX:Zone Operative Temperature [C](Hourly),3$F2P7VYLB7EOX67SA_ZKE:Zone Mean Air Temperature [C](Hourly),3$F2P7VYLB7EOX67SA_ZKE:Zone Operative Temperature [C](Hourly),347JFE2YX7IHCEIALMUPEH:Zone Mean Air Temperature [C](Hourly),347JFE2YX7IHCEIALMUPEH:Zone Operative Temperature [C](Hourly),0LT8GR_E9ESEGH5UY_G9E9:Zone Infiltration Sensible Heat Loss Energy [J](Hourly),0LT8GR_E9ESEGH5UY_G9E9:Zone Infiltration Sensible Heat Gain Energy [J](Hourly),0LT8GR_E9ESEGH5UY_G9E9:Zone Infiltration Mass Flow Rate [kg/s](Hourly),0E_HBKIQ5DMQLIJ$2V3J_M:Zone Infiltration Sensible Heat Loss Energy [J](Hourly),0E_HBKIQ5DMQLIJ$2V3J_M:Zone Infiltration Sensible Heat Gain Energy [J](Hourly),0E_HBKIQ5DMQLIJ$2V3J_M:Zone Infiltration Mass Flow Rate [kg/s](Hourly),17JZCMFRF5TOFTUTIDA0D3:Zone Infiltration Sensible Heat Loss Energy [J](Hourly),17JZCMFRF5TOFTUTIDA0D3:Zone Infiltration Sensible Heat Gain Energy [J](Hourly),17JZCMFRF5TOFTUTIDA0D3:Zone Infiltration Mass Flow Rate [kg/s](Hourly),2RSCZLOBZ4FAK$_WE8VCKM:Zone Infiltration Sensible Heat Loss Energy [J](Hourly),2RSCZLOBZ4FAK$_WE8VCKM:Zone Infiltration Sensible Heat Gain Energy [J](Hourly),2RSCZLOBZ4FAK$_WE8VCKM:Zone Infiltration Mass Flow Rate [kg/s](Hourly),2DQFGGKBB1FOC1CQZDIDLX:Zone Infiltration Sensible Heat Loss Energy [J](Hourly),2DQFGGKBB1FOC1CQZDIDLX:Zone Infiltration Sensible Heat Gain Energy [J](Hourly),2DQFGGKBB1FOC1CQZDIDLX:Zone Infiltration Mass Flow Rate [kg/s](Hourly),3$F2P7VYLB7EOX67SA_ZKE:Zone Infiltration Sensible Heat Loss Energy [J](Hourly),3$F2P7VYLB7EOX67SA_ZKE:Zone Infiltration Sensible Heat Gain Energy [J](Hourly),3$F2P7VYLB7EOX67SA_ZKE:Zone Infiltration Mass Flow Rate [kg/s](Hourly),347JFE2YX7IHCEIALMUPEH:Zone Infiltration Sensible Heat Loss Energy [J](Hourly),347JFE2YX7IHCEIALMUPEH:Zone Infiltration Sensible Heat Gain Energy [J](Hourly),347JFE2YX7IHCEIALMUPEH:Zone Infiltration Mass Flow Rate [kg/s](Hourly),0LT8GR_E9ESEGH5UY_G9E9:Zone Air System Sensible Heating Energy [J](Hourly),0LT8GR_E9ESEGH5UY_G9E9:Zone Air System Sensible Cooling Energy [J](Hourly),0LT8GR_E9ESEGH5UY_G9E9:Zone Air Relative Humidity [%](Hourly),0E_HBKIQ5DMQLIJ$2V3J_M:Zone Air System Sensible Heating Energy [J](Hourly),0E_HBKIQ5DMQLIJ$2V3J_M:Zone Air System Sensible Cooling Energy [J](Hourly),0E_HBKIQ5DMQLIJ$2V3J_M:Zone Air Relative Humidity [%](Hourly),17JZCMFRF5TOFTUTIDA0D3:Zone Air System Sensible Heating Energy [J](Hourly),17JZCMFRF5TOFTUTIDA0D3:Zone Air System Sensible Cooling Energy [J](Hourly),17JZCMFRF5TOFTUTIDA0D3:Zone Air Relative Humidity [%](Hourly),2RSCZLOBZ4FAK$_WE8VCKM:Zone Air System Sensible Heating Energy [J](Hourly),2RSCZLOBZ4FAK$_WE8VCKM:Zone Air System Sensible Cooling Energy [J](Hourly),2RSCZLOBZ4FAK$_WE8VCKM:Zone Air Relative Humidity [%](Hourly),2DQFGGKBB1FOC1CQZDIDLX:Zone Air System Sensible Heating Energy [J](Hourly),2DQFGGKBB1FOC1CQZDIDLX:Zone Air System Sensible Cooling Energy [J](Hourly),2DQFGGKBB1FOC1CQZDIDLX:Zone Air Relative Humidity [%](Hourly),3$F2P7VYLB7EOX67SA_ZKE:Zone Air System Sensible Heating Energy [J](Hourly),3$F2P7VYLB7EOX67SA_ZKE:Zone Air System Sensible Cooling Energy [J](Hourly),3$F2P7VYLB7EOX67SA_ZKE:Zone Air Relative Humidity [%](Hourly),347JFE2YX7IHCEIALMUPEH:Zone Air System Sensible Heating Energy [J](Hourly),347JFE2YX7IHCEIALMUPEH:Zone Air System Sensible Cooling Energy [J](Hourly),347JFE2YX7IHCEIALMUPEH:Zone Air Relative Humidity [%](Hourly),0LT8GR_E9ESEGH5UY_G9E9 IDEAL LOADS AIR SYSTEM:Zone Ideal Loads Zone Sensible Heating Rate [W](Hourly),0LT8GR_E9ESEGH5UY_G9E9 IDEAL LOADS AIR SYSTEM:Zone Ideal Loads Zone Sensible Cooling Rate [W](Hourly),0E_HBKIQ5DMQLIJ$2V3J_M IDEAL LOADS AIR SYSTEM:Zone Ideal Loads Zone Sensible Heating Rate [W](Hourly),0E_HBKIQ5DMQLIJ$2V3J_M IDEAL LOADS AIR SYSTEM:Zone Ideal Loads Zone Sensible Cooling Rate [W](Hourly),17JZCMFRF5TOFTUTIDA0D3 IDEAL LOADS AIR SYSTEM:Zone Ideal Loads Zone Sensible Heating Rate [W](Hourly),17JZCMFRF5TOFTUTIDA0D3 IDEAL LOADS AIR SYSTEM:Zone Ideal Loads Zone Sensible Cooling Rate [W](Hourly),2RSCZLOBZ4FAK$_WE8VCKM IDEAL LOADS AIR SYSTEM:Zone Ideal Loads Zone Sensible Heating Rate [W](Hourly),2RSCZLOBZ4FAK$_WE8VCKM IDEAL LOADS AIR SYSTEM:Zone Ideal Loads Zone Sensible Cooling Rate [W](Hourly),2DQFGGKBB1FOC1CQZDIDLX IDEAL LOADS AIR SYSTEM:Zone Ideal Loads Zone Sensible Heating Rate [W](Hourly),2DQFGGKBB1FOC1CQZDIDLX IDEAL LOADS AIR SYSTEM:Zone Ideal Loads Zone Sensible Cooling Rate [W](Hourly),3$F2P7VYLB7EOX67SA_ZKE IDEAL LOADS AIR SYSTEM:Zone Ideal Loads Zone Sensible Heating Rate [W](Hourly),3$F2P7VYLB7EOX67SA_ZKE IDEAL LOADS AIR SYSTEM:Zone Ideal Loads Zone Sensible Cooling Rate [W](Hourly),347JFE2YX7IHCEIALMUPEH IDEAL LOADS AIR SYSTEM:Zone Ideal Loads Zone Sensible Heating Rate [W](Hourly),347JFE2YX7IHCEIALMUPEH IDEAL LOADS AIR SYSTEM:Zone Ideal Loads Zone Sensible Cooling Rate [W](Hourly),Heating:EnergyTransfer [J](Hourly),Cooling:EnergyTransfer [J](Hourly)
 12/21  01:00:00,-20.0,0.0006522672222756134,99.99992887727173,98568.80080283129,149694.04799999999,0.0,1760988.6,32722.19999999999,617241.5999999999,0.0,619795.7999999997,0.0,0.0,0.0,0.0,0.0,0.0,0.0,0.0,0.0,0.0,0.0,0.0,20.0,17.425221397206597,24.0,22.268031321519165,20.000000000000005,17.56702501195207,20.0,18.17520513616637,20.0,17.26396004271218,15.0,14.798725453792163,20.0,18.410265424862936,708658.0302802993,0.0,0.004891828306540752,375018.5611155069,0.0,0.00235338492406365,444618.42156937156,0.0,0.00306917707456477,354076.1036380568,0.0,0.0024441683187604674,2373784.3025264,0.0,0.0163795085599247,273480.9888117225,0.0,0.002157512320679022,601874.8400116293,0.0,0.004154709681620363,3429144.3747534907,0.0,4.4150907207741929,1801036.103735311,0.0,3.4591595020152847,930305.0663587385,0.0,4.415090720766361,1915099.1913278243,0.0,4.4150908511762279,14121855.820816054,0.0,4.415090785971298,476229.47599014328,0.0,6.054732737538327,2213998.061189917,0.0,4.415090785971298,952.5401040981917,0.0,500.2878065931419,0.0,258.4180739885385,0.0,531.9719975910623,0.0,3922.7377280044595,0.0,132.28596555281758,0.0,614.9994614416435,0.0,24887668.094171473,0.0
 12/21  02:00:00,-20.0,0.0006522672222756134,99.99992887727173,98568.80080283129,149694.04799999999,0.0,1760988.6,32722.19999999999,617241.5999999999,0.0,619795.7999999997,0.0,0.0,0.0,0.0,0.0,0.0,0.0,0.0,0.0,0.0,0.0,0.0,19.999999999999998,17.419421881253237,24.0,22.262395282444005,20.0,17.56066886172521,20.0,18.167633868230383,20.0,17.255955615548758,15.0,14.78973724375111,19.999999999999998,18.40731397101847,708658.0302802991,0.0,0.004891828306540752,375018.5611155069,0.0,0.00235338492406365,444618.42156937156,0.0,0.00306917707456477,354076.1036380568,0.0,0.0024441683187604674,2373784.3025264,0.0,0.0163795085599247,273480.9888117225,0.0,0.002157512320679022,601874.8400116293,0.0,0.004154709681620363,3437090.1162233466,0.0,4.4150909163881,1807152.9968656712,0.0,3.4591595515571167,937985.6006554305,0.0,4.415090785971295,1923429.696264584,0.0,4.415090785971292,14163377.901740175,0.0,4.415090851176235,479996.6126443743,0.0,6.0547327840229319,2218584.7530639918,0.0,4.415090851176235,954.747254506485,0.0,501.9869435737975,0.0,260.55155573761956,0.0,534.2860267401622,0.0,3934.2716393722705,0.0,133.3323924012151,0.0,616.2735425177755,0.0,24967617.677457569,0.0
 12/21  03:00:00,-20.0,0.0006522672222756134,99.99992887727173,98568.80080283129,149694.04799999999,0.0,1760988.6,32722.19999999999,617241.5999999999,0.0,619795.7999999997,0.0,0.0,0.0,0.0,0.0,0.0,0.0,0.0,0.0,0.0,0.0,0.0,20.0,17.414045402109477,24.0,22.257300981974664,20.0,17.554842850345499,20.000000000000005,18.160771624771955,20.0,17.248974862189514,15.0,14.781646064830682,20.0,18.404554078344668,708658.0302802993,0.0,0.004891828306540752,375018.5611155069,0.0,0.00235338492406365,444618.42156937156,0.0,0.00306917707456477,354076.1036380568,0.0,0.0024441683187604674,2373784.3025264,0.0,0.0163795085599247,273480.9888117225,0.0,0.002157512320679022,601874.8400116293,0.0,0.004154709681620363,3444390.464698159,0.0,4.415090720772489,1812649.9556538389,0.0,3.4591595020152838,944978.0349403194,0.0,4.415090720766358,1930940.5022701747,0.0,4.415090720766354,14199512.496400085,0.0,4.415090785971298,483336.9200452332,0.0,6.054732737538325,2222860.2034709935,0.0,4.415090785971298,956.7751290828219,0.0,503.5138765705108,0.0,262.4938985945332,0.0,536.3723617417152,0.0,3944.3090267778018,0.0,134.26025556812034,0.0,617.4611676308316,0.0,25038668.577478805,0.0
 12/21  04:00:00,-20.0,0.0006522672222756134,99.99992887727173,98568.80080283129,149694.04799999999,0.0,1760988.6,32722.19999999999,617241.5999999999,0.0,619795.7999999997,0.0,0.0,0.0,0.0,0.0,0.0,0.0,0.0,0.0,0.0,0.0,0.0,20.0,17.409035596627356,23.999999999999998,22.25265824726937,20.0,17.54947306841735,20.0,18.15448448237313,20.0,17.24283374705541,15.0,14.77431974863184,20.0,18.401963032855357,708658.0302802993,0.0,0.004891828306540752,375018.5611155068,0.0,0.00235338492406365,444618.4215693715,0.0,0.00306917707456477,354076.1036380568,0.0,0.0024441683187604674,2373784.3025264,0.0,0.0163795085599247,273480.9888117225,0.0,0.002157512320679022,601874.8400116293,0.0,0.004154709681620363,3451138.503152841,0.0,4.415090851181654,1817633.389332428,0.0,3.459159551557117,951382.4090703775,0.0,4.415090785971294,1937791.1288200382,0.0,4.415090785971291,14231274.071098879,0.0,4.415090785971298,486241.24231932809,0.0,6.054732737538326,2226863.2333426906,0.0,4.415090785971298,958.6495842091224,0.0,504.89816370345229,0.0,264.2728914084382,0.0,538.2753135611217,0.0,3953.131686416355,0.0,135.06701175536893,0.0,618.5731203729695,0.0,25102323.977136583,0.0
 12/21  05:00:00,-20.0,0.0006522672222756134,99.99992887727173,98568.80080283129,149694.04799999999,0.0,1760988.6,32722.19999999999,617241.5999999999,0.0,619795.7999999997,0.0,0.0,0.0,0.0,0.0,0.0,0.0,0.0,0.0,0.0,0.0,0.0,20.0,17.40434765991537,24.0,22.248398498571569,20.0,17.544499890084454,20.0,18.148674152959438,20.0,17.237387176770065,15.0,14.767661094739612,20.0,18.399523325182089,708658.0302802993,0.0,0.004891828306540752,375018.5611155068,0.0,0.00235338492406365,444618.4215693715,0.0,0.00306917707456477,354076.1036380568,0.0,0.0024441683187604674,2373784.3025264,0.0,0.0163795085599247,273480.9888117225,0.0,0.002157512320679022,601874.8400116294,0.0,0.004154709681620363,3457407.851858129,0.0,4.415090720771153,1822183.9735841132,0.0,3.459159551557118,957279.2743656501,0.0,4.415090785971294,1944098.525599604,0.0,4.415090851176228,14259452.082964663,0.0,4.415090851176235,488870.5719419187,0.0,6.0547326910537209,2230623.350533659,0.0,4.415090785971298,960.3910699605913,0.0,506.1622148844758,0.0,265.91090954601398,0.0,540.0273682221123,0.0,3960.9589119346285,0.0,135.79738109497743,0.0,619.6175973704608,0.0,25159915.630847739,0.0
 12/21  06:00:00,-20.0,0.0006522672222756134,99.99992887727173,98568.80080283129,149694.04799999999,0.0,1760988.6,32722.19999999999,617241.5999999999,0.0,619795.7999999997,0.0,0.0,0.0,0.0,0.0,0.0,0.0,0.0,0.0,0.0,0.0,0.0,20.0,17.399946223455204,24.0,22.244468257256714,20.0,17.53987553934527,20.0,18.143266843588003,20.0,17.23252078234855,15.0,14.761619459512448,20.0,18.397220868541657,708658.0302802993,0.0,0.004891828306540752,375018.5611155069,0.0,0.00235338492406365,444618.42156937156,0.0,0.00306917707456477,354076.1036380568,0.0,0.0024441683187604674,2373784.3025263997,0.0,0.0163795085599247,273480.9888117225,0.0,0.002157512320679022,601874.8400116294,0.0,0.004154709681620363,3463256.4507033887,0.0,4.4150907207706,1826364.3855909277,0.0,3.459159502015286,962733.1170168357,0.0,4.415090720766356,1949950.2503284459,0.0,4.415090720766354,14284660.434120382,0.0,4.415090785971298,491399.8130014526,0.0,6.054732784022932,2234164.027149618,0.0,4.415090720766361,962.0156807509413,0.0,507.3234404419244,0.0,267.42586583800996,0.0,541.6528473134572,0.0,3967.9612317001067,0.0,136.49994805595908,0.0,620.6011186526716,0.0,25212528.477911049,0.0
 12/21  07:00:00,-20.0,0.0006522672222756134,99.99992887727173,98568.80080283129,853256.0735999999,499607.8919999999,2494733.85,775983.5999999998,3518277.1199999998,290591.27999999999,977370.2999999995,0.0,0.0,0.0,0.0,0.0,0.0,0.0,0.0,0.0,0.0,0.0,0.0,20.0,17.42625180281968,24.0,22.275168844973956,20.0,17.563947835937623,20.0,18.183626121411188,20.0,17.252009555662668,15.0,14.801158416682484,20.0,18.408686387659196,708658.0302802993,0.0,0.004891828306540752,375018.5611155069,0.0,0.00235338492406365,444618.4215693715,0.0,0.00306917707456477,354076.1036380568,0.0,0.0024441683187604674,2373784.3025264,0.0,0.0163795085599247,273480.9888117225,0.0,0.002157512320679022,601874.8400116293,0.0,0.004154709681620363,3103125.4723388606,0.0,4.4150907207701028,1595584.3065565755,0.0,3.4591595515571189,641681.0408117385,0.0,4.415090851176231,1610404.4758347986,0.0,4.415090720766354,12852070.546419282,0.0,4.415090785971298,356254.37117697167,0.0,6.05473269105372,2074464.7967526545,0.0,4.415090851176235,861.9792978719058,0.0,443.2178629323821,0.0,178.24473355881629,0.0,447.3345766207774,0.0,3570.0195962275786,0.0,98.9595475491588,0.0,576.2402213201817,0.0,22233585.009890886,0.0
 12/21  08:00:00,-20.0,0.0006522672222756134,99.99992887727173,98568.80080283129,920618.3951999999,499607.8919999999,5077517.130000001,855451.7999999997,3796035.8399999996,290591.27999999999,977370.2999999995,0.0,0.0,0.0,0.0,0.0,0.0,0.0,0.0,0.0,0.0,0.0,0.0,20.000000000000005,17.445274193187975,24.0,22.297772147692024,20.0,17.58381366119116,20.0,18.212126770814448,20.0,17.276301310888738,15.0,14.834915906888853,20.0,18.416504458138026,708658.0302802993,0.0,0.004891828306540752,375018.56111550689,0.0,0.00235338492406365,444618.42156937156,0.0,0.00306917707456477,354076.1036380568,0.0,0.0024441683187604674,2373784.3025264,0.0,0.0163795085599247,273480.9888117225,0.0,0.002157512320679022,601874.8400116293,0.0,0.004154709681620363,2993565.2084572978,0.0,4.415090720769659,1569079.3662390696,0.0,3.4591595515571185,0.0,1555729.9018562088,4.415090720766358,1520819.4611175426,0.0,4.415090785971291,12385961.121332713,0.0,4.415090851176235,338543.566592928,0.0,6.054732737538326,2061302.5941906488,0.0,4.415090785971298,831.5458912381382,0.0,435.8553795108526,0.0,0.0,432.14719496005798,422.4498503104285,0.0,3440.5447559257529,0.0,94.03987960914668,0.0,572.5840539418468,0.0,20869271.3179302,1555729.9018562088
 12/21  09:00:00,-20.0,0.0006522672222756134,99.99992887727173,98568.80080283129,800863.1567999999,499607.8919999999,5077517.130000001,967642.2,3302242.5599999998,290591.27999999999,977370.2999999995,0.0,0.0,0.0,0.0,0.0,0.0,0.0,0.0,0.0,0.0,0.0,0.0,20.0,17.4564228362594,24.0,22.311076583471178,20.0,17.59642309609681,20.0,18.231678503587419,20.0,17.2959524498143,15.0,14.85528450847653,20.0,18.42131095670354,708658.0302802993,0.0,0.004891828306540752,375018.5611155069,0.0,0.00235338492406365,444618.42156937156,0.0,0.00306917707456477,354076.1036380568,0.0,0.0024441683187604674,2373784.3025264,0.0,0.0163795085599247,273480.9888117225,0.0,0.002157512320679022,601874.8400116293,0.0,0.004154709681620363,3083432.388662052,0.0,4.4150908511791429,1554003.8785671809,0.0,3.459159502015286,0.0,1572007.816005582,4.415090720766358,1409837.604198849,0.0,4.415090720766355,12718760.012925595,0.0,4.415090785971298,328104.7422742625,0.0,6.054732737538325,2053467.1796874849,0.0,4.415090851176235,856.5089968505699,0.0,431.6677440464391,0.0,0.0,436.66883777932847,391.6215567219025,0.0,3532.988892479332,0.0,91.14020618729512,0.0,570.4075499131902,0.0,21147605.806315427,1572007.816005582
 12/21  10:00:00,-20.0,0.0006522672222756134,99.99992887727173,98568.80080283129,800863.1567999999,499607.8919999999,16465243.409999999,1079832.5999999997,3302242.5599999998,290591.27999999999,977370.2999999995,0.0,0.0,0.0,0.0,0.0,0.0,0.0,0.0,0.0,0.0,0.0,0.0,20.0,17.470311087452584,24.0,22.320923639880424,20.0,17.611273860986075,20.0,18.248219135397638,20.0,17.315758953354746,15.0,14.877728505037945,20.0,18.425047484432488,708658.0302802991,0.0,0.004891828306540752,375018.5611155069,0.0,0.00235338492406365,444618.42156937156,0.0,0.00306917707456477,354076.1036380568,0.0,0.0024441683187604674,2373784.3025264,0.0,0.0163795085599247,273480.9888117225,0.0,0.002157512320679022,601874.8400116294,0.0,0.004154709681620363,3063758.7726769817,0.0,4.415090851178796,1543022.7390353634,0.0,3.459159502015284,0.0,12566902.601622975,4.415090785971295,1302547.9041675884,0.0,4.415090720766354,12614442.974662751,0.0,4.415090785971298,317160.58609922757,0.0,6.054732737538327,2047458.90250255,0.0,4.415090720766361,851.0441035213837,0.0,428.6174275098232,0.0,0.0,3490.8062782286044,361.8188622687745,0.0,3504.0119374063199,0.0,88.10016280534097,0.0,568.7385840284862,0.0,20888391.87914446,12566902.601622975
 12/21  11:00:00,-20.0,0.0006522672222756134,99.99992887727173,98568.80080283129,800863.1567999999,499607.8919999999,20398117.95,1192022.9999999996,3302242.5599999998,290591.27999999999,977370.2999999995,0.0,0.0,0.0,0.0,0.0,0.0,0.0,0.0,0.0,0.0,0.0,0.0,20.0,17.483468668298437,24.0,22.32902043259346,20.000000000000005,17.625556051303,20.0,18.263426394842847,20.0,17.334972923243549,15.0,14.89923444815832,20.0,18.428283157586838,708658.0302802993,0.0,0.004891828306540752,375018.56111550689,0.0,0.00235338492406365,444618.42156937156,0.0,0.00306917707456477,354076.1036380568,0.0,0.0024441683187604674,2373784.3025264,0.0,0.0163795085599247,273480.9888117225,0.0,0.002157512320679022,601874.8400116294,0.0,0.004154709681620363,3044859.78451659,0.0,4.415090785973557,1534119.2446896258,0.0,3.459159551557118,0.0,16311963.473545857,4.41509072076636,1196963.6486000419,0.0,4.415090720766354,12512883.842615355,0.0,4.415090851176235,306362.99644283278,0.0,6.054732737538327,2042323.0357987784,0.0,4.415090785971298,845.7943845879418,0.0,426.1442346360071,0.0,0.0,4531.10096487385,332.48990238890056,0.0,3475.801067393154,0.0,85.10083234523131,0.0,567.3119543885496,0.0,20637512.552663223,16311963.473545857
 12/21  12:00:00,-20.0,0.0006522672222756134,99.99992887727173,98568.80080283129,920618.3951999999,499607.8919999999,20398117.95,1192022.9999999996,3796035.8399999996,290591.27999999999,977370.2999999995,0.0,0.0,0.0,0.0,0.0,0.0,0.0,0.0,0.0,0.0,0.0,0.0,20.000000000000005,17.494671624645937,24.0,22.336031767715615,20.000000000000005,17.637932407377453,20.0,18.275446260649546,20.0,17.35205643205962,15.0,14.917403474225722,20.0,18.43122732708754,708658.0302802993,0.0,0.004891828306540752,375018.56111550689,0.0,0.00235338492406365,444618.42156937156,0.0,0.00306917707456477,354076.1036380568,0.0,0.0024441683187604674,2373784.3025264,0.0,0.0163795085599247,273480.9888117225,0.0,0.002157512320679022,601874.8400116293,0.0,0.004154709681620363,2922311.320713709,0.0,4.415090720768353,1526500.1423721938,0.0,3.459159601098951,0.0,16327168.896842897,4.4150907207663609,1183679.3410695773,0.0,4.415090851176228,11983360.209242259,0.0,4.415090851176235,297140.9669920382,0.0,6.0547327840229319,2037695.128715603,0.0,4.415090851176235,811.753144642697,0.0,424.02781732560939,0.0,0.0,4535.3246935674719,328.7998169637715,0.0,3328.7111692339606,0.0,82.53915749778838,0.0,566.026424643223,0.0,19950687.10910538,16327168.896842897
 12/21  13:00:00,-20.0,0.0006522672222756134,99.99992887727173,98568.80080283129,946814.8535999999,499607.8919999999,12532368.870000003,967642.2,3904053.119999999,290591.27999999999,977370.2999999995,0.0,0.0,0.0,0.0,0.0,0.0,0.0,0.0,0.0,0.0,0.0,0.0,20.000000000000005,17.499797695339866,24.0,22.34223905057209,20.0,17.64439728811728,20.0,18.280423044585804,20.0,17.363331141440658,15.0,14.926331976771234,20.0,18.433957821759276,708658.0302802993,0.0,0.004891828306540752,375018.5611155069,0.0,0.00235338492406365,444618.42156937156,0.0,0.00306917707456477,354076.1036380568,0.0,0.0024441683187604674,2373784.3025264,0.0,0.0163795085599247,273480.9888117225,0.0,0.002157512320679022,601874.8400116293,0.0,0.004154709681620363,2901897.8211840859,0.0,4.415090720768114,1519818.3203956104,0.0,3.459159502015286,0.0,8880534.003704753,4.415090720766359,1355587.3655292048,0.0,4.415090851176228,11869883.654098966,0.0,4.415090785971298,293070.45219807248,0.0,6.054732737538326,2033430.8750494559,0.0,4.415090916381171,806.0827281066904,0.0,422.17175566544736,0.0,0.0,2466.815001029098,376.5520459803347,0.0,3297.189903916379,0.0,81.40845894390901,0.0,564.8419097359599,0.0,19973688.488455394,8880534.003704753
 12/21  14:00:00,-20.0,0.0006522672222756134,99.99992887727173,98568.80080283129,827059.6151999999,499607.8919999999,8599494.33,1079832.5999999997,3410259.84,290591.27999999999,977370.2999999995,0.0,0.0,0.0,0.0,0.0,0.0,0.0,0.0,0.0,0.0,0.0,0.0,20.000000000000005,17.502242551579849,24.0,22.347831262140553,19.999999999999998,17.647788590146438,20.0,18.288332790011613,20.0,17.36973828173566,15.0,14.930165517124554,20.0,18.43651332911054,708658.0302802993,0.0,0.004891828306540752,375018.5611155069,0.0,0.00235338492406365,444618.4215693714,0.0,0.00306917707456477,354076.1036380568,0.0,0.0024441683187604674,2373784.3025264,0.0,0.0163795085599247,273480.9888117225,0.0,0.002157512320679022,601874.8400116294,0.0,0.004154709681620363,3005542.30943294,0.0,4.4150907207679019,1513853.1043668204,0.0,3.459159502015286,0.0,5157172.330430537,4.415090981586107,1258660.3935899987,0.0,4.415090720766354,12277164.684610663,0.0,4.415090785971298,291928.66692712399,0.0,6.0547326910537209,2029460.4548863539,0.0,4.415090785971297,834.8728637313723,0.0,420.51475121300566,0.0,0.0,1432.5478695640384,349.62788710833299,0.0,3410.3235235029626,0.0,81.09129636864555,0.0,563.7390152462094,0.0,20376609.6138139,5157172.330430537
 12/21  15:00:00,-20.0,0.0006522672222756134,99.99992887727173,98568.80080283129,800863.1567999999,499607.8919999999,4666619.790000001,1192022.9999999996,3302242.5599999998,290591.27999999999,977370.2999999995,0.0,0.0,0.0,0.0,0.0,0.0,0.0,0.0,0.0,0.0,0.0,0.0,20.0,17.502710823765236,24.000000000000005,22.352904549204117,20.0,17.64889571129102,20.0,18.298160635889166,20.0,17.372361264344769,15.0,14.930609764323402,19.999999999999998,18.438903387639664,708658.0302802993,0.0,0.004891828306540752,375018.5611155069,0.0,0.00235338492406365,444618.42156937156,0.0,0.00306917707456477,354076.1036380568,0.0,0.0024441683187604674,2373784.3025264,0.0,0.0163795085599247,273480.9888117225,0.0,0.002157512320679022,601874.8400116293,0.0,0.004154709681620363,3018463.9849653386,0.0,4.415090720767717,1508480.5515405748,0.0,3.4591594524734519,0.0,1430973.9996611977,4.415090785971295,1159416.5047538416,0.0,4.415090720766354,12318691.386855875,0.0,4.415090785971298,292550.95447051836,0.0,6.054732737538325,2025760.4990004614,0.0,4.415090916381172,838.4622180459273,0.0,419.02237542793747,0.0,0.0,397.49277768366599,322.0601402094004,0.0,3421.8587185710759,0.0,81.26415401958843,0.0,562.7112497223504,0.0,20323363.88158661,1430973.9996611977
 12/21  16:00:00,-20.0,0.0006522672222756134,99.99992887727173,98568.80080283129,800863.1567999999,499607.8919999999,4666619.790000001,1192022.9999999996,3302242.5599999998,290591.27999999999,977370.2999999995,0.0,0.0,0.0,0.0,0.0,0.0,0.0,0.0,0.0,0.0,0.0,0.0,20.0,17.50485479003045,24.0,22.35749430504282,20.0,17.651218520368134,20.0,18.30624439592428,20.0,17.374409556104899,15.0,14.932934329406966,20.0,18.441116283418265,708658.0302802993,0.0,0.004891828306540752,375018.56111550689,0.0,0.00235338492406365,444618.42156937156,0.0,0.00306917707456477,354076.1036380568,0.0,0.0024441683187604674,2373784.3025264,0.0,0.0163795085599247,273480.9888117225,0.0,0.002157512320679022,601874.8400116294,0.0,0.004154709681620363,3016142.431887591,0.0,4.4150907207675529,1503652.9381222896,0.0,3.459159502015284,0.0,1433362.8516005176,4.415090785971295,1150721.189852794,0.0,4.415090720766354,12309909.094722264,0.0,4.415090785971298,291895.7320535476,0.0,6.054732737538323,2022345.8823857019,0.0,4.4150907207663609,837.8173421909974,0.0,417.68137170063599,0.0,0.0,398.15634766681048,319.64477495910946,0.0,3419.4191929784067,0.0,81.08214779265211,0.0,561.7627451071394,0.0,20294667.269024187,1433362.8516005176
 12/21  17:00:00,-20.0,0.0006522672222756134,99.99992887727173,98568.80080283129,920618.3951999999,499607.8919999999,2494733.85,967642.2,3796035.8399999996,290591.27999999999,977370.2999999995,0.0,0.0,0.0,0.0,0.0,0.0,0.0,0.0,0.0,0.0,0.0,0.0,19.999999999999998,17.505800679073525,24.000000000000005,22.361686876631056,20.0,17.652345719558409,20.0,18.30816668780448,20.0,17.37523486590425,15.0,14.933783060216772,20.0,18.44316300890271,708658.030280299,0.0,0.004891828306540752,375018.5611155069,0.0,0.00235338492406365,444618.42156937156,0.0,0.00306917707456477,354076.1036380568,0.0,0.0024441683187604674,2373784.3025264,0.0,0.0163795085599247,273480.9888117225,0.0,0.002157512320679022,601874.8400116294,0.0,0.004154709681620363,2908538.301043115,0.0,4.415090851177283,1499273.4908878618,0.0,3.4591594524734514,531865.5683887381,0.0,4.4150907207663609,1326121.2721099826,0.0,4.415090785971291,11866696.951522012,0.0,4.415090785971297,291885.9304130987,0.0,6.054732691053718,2019200.0501336028,0.0,4.415090720766361,807.9273058453098,0.0,416.46485857996165,0.0,147.7404356635384,0.0,368.36702003055077,0.0,3296.3047087561146,0.0,81.07942511474966,0.0,560.8889028148897,0.0,20443581.56449841,0.0
 12/21  18:00:00,-20.0,0.0006522672222756134,99.99992887727173,98568.80080283129,946814.8535999999,499607.8919999999,2494733.85,855451.7999999997,3904053.119999999,290591.27999999999,977370.2999999995,0.0,0.0,0.0,0.0,0.0,0.0,0.0,0.0,0.0,0.0,0.0,0.0,19.999999999999998,17.508307833333899,24.000000000000005,22.365475422060283,20.0,17.654777080151527,20.0,18.30857385130905,20.0,17.376598973079667,15.0,14.936496382905155,20.0,18.44502771560582,708658.0302802991,0.0,0.004891828306540752,375018.5611155069,0.0,0.00235338492406365,444618.42156937156,0.0,0.00306917707456477,354076.1036380567,0.0,0.0024441683187604674,2373784.3025264,0.0,0.0163795085599247,273480.9888117225,0.0,0.002157512320679022,601874.8400116293,0.0,0.004154709681620363,2892503.4517956215,0.0,4.415090916382092,1495338.729318688,0.0,3.4591594524734519,529331.3632544901,0.0,4.415090785971298,1414748.2403429514,0.0,4.415090851176228,11806917.648260288,0.0,4.415090785971298,290747.97884171039,0.0,6.054732737538323,2016343.8527182525,0.0,4.415090851176235,803.4731810543392,0.0,415.3718692551911,0.0,147.03648979291394,0.0,392.98562231748647,0.0,3279.6993467389695,0.0,80.76332745603065,0.0,560.095514643959,0.0,20445931.264532005,0.0
 12/21  19:00:00,-20.0,0.0006522672222756134,99.99992887727173,98568.80080283129,291903.3936,0.0,1760988.6,32722.19999999999,1203621.1199999999,0.0,619795.7999999997,0.0,0.0,0.0,0.0,0.0,0.0,0.0,0.0,0.0,0.0,0.0,0.0,20.0,17.479441229139917,24.0,22.33458098047472,20.0,17.627986338912686,20.0,18.2623986036088,20.0,17.35370562640442,15.0,14.893855768593982,20.0,18.433115167181016,708658.0302802991,0.0,0.004891828306540752,375018.5611155069,0.0,0.00235338492406365,444618.4215693715,0.0,0.00306917707456477,354076.1036380568,0.0,0.0024441683187604674,2373784.3025264,0.0,0.0163795085599247,273480.9888117225,0.0,0.002157512320679022,601874.8400116294,0.0,0.004154709681620363,3193942.817514901,0.0,4.415090785972105,1725667.369663381,0.0,3.459159502015284,853200.1980920633,0.0,4.415090785971298,1815471.3216188779,0.0,4.4150907207663538,13001151.414992894,0.0,4.415090785971298,431560.9556817083,0.0,6.054732691053718,2176527.5950730356,0.0,4.4150907207663609,887.2063381985836,0.0,479.352047128717,0.0,237.00005502557316,0.0,504.29758933857718,0.0,3611.430948609137,0.0,119.87804324491896,0.0,604.5909986313986,0.0,23197521.67263686,0.0
 12/21  20:00:00,-20.0,0.0006522672222756134,99.99992887727173,98568.80080283129,291903.3936,0.0,1760988.6,32722.19999999999,1203621.1199999999,0.0,810502.1999999997,0.0,0.0,0.0,0.0,0.0,0.0,0.0,0.0,0.0,0.0,0.0,0.0,20.0,17.462584410236788,24.0,22.311700327030957,20.0,17.609829933651576,20.0,18.232391523016937,20.0,17.3296163067872,15.0,14.863640492790819,20.0,18.42482778771331,708658.0302802993,0.0,0.004891828306540752,375018.5611155068,0.0,0.00235338492406365,444618.4215693715,0.0,0.00306917707456477,354076.1036380568,0.0,0.0024441683187604674,2373784.3025264,0.0,0.0163795085599247,273480.9888117225,0.0,0.002157512320679022,601874.8400116294,0.0,0.004154709681620363,3219973.7284333717,0.0,4.415090720767072,1752200.38513069,0.0,3.459159551557117,876720.1774104922,0.0,4.415090851176235,1850378.1208649944,0.0,4.415090720766353,13133998.09489598,0.0,4.4150907207663609,448343.7827892313,0.0,6.054732737538323,1999600.9012982045,0.0,4.415090785971298,894.4371467870476,0.0,486.7223292029694,0.0,243.53338261402565,0.0,513.9939224624985,0.0,3648.3328041377728,0.0,124.53993966367534,0.0,555.4446948050568,0.0,23281215.190822968,0.0
 12/21  21:00:00,-20.0,0.0006522672222756134,99.99992887727173,98568.80080283129,198344.61359999999,0.0,1760988.6,32722.19999999999,817845.1199999999,0.0,746933.3999999998,0.0,0.0,0.0,0.0,0.0,0.0,0.0,0.0,0.0,0.0,0.0,0.0,20.0,17.451315163046858,24.0,22.29813342738217,20.0,17.597131381799025,20.0,18.21408260290803,20.000000000000005,17.310140605697535,15.0,14.843954845240774,20.0,18.41956376398423,708658.0302802993,0.0,0.004891828306540752,375018.5611155069,0.0,0.00235338492406365,444618.42156937156,0.0,0.00306917707456477,354076.1036380567,0.0,0.0024441683187604674,2373784.3025264,0.0,0.0163795085599247,273480.9888117225,0.0,0.002157512320679022,601874.8400116294,0.0,0.004154709681620363,3330046.483542098,0.0,4.415090851176858,1767547.113144294,0.0,3.459159502015284,892735.5897317996,0.0,4.4150907207663609,1871224.1858918146,0.0,4.415090851176229,13624327.38797843,0.0,4.415090720766361,457652.2177414058,0.0,6.054732784022929,2071680.8865526196,0.0,4.415090720766361,925.0129120950273,0.0,490.9853092067483,0.0,247.98210825883326,0.0,519.7844960810596,0.0,3784.535385549564,0.0,127.12561603927941,0.0,575.4669129312832,0.0,24015213.864582465,0.0
 12/21  22:00:00,-20.0,0.0006522672222756134,99.99992887727173,98568.80080283129,224541.072,0.0,1760988.6,32722.19999999999,925862.3999999999,0.0,683364.5999999996,0.0,0.0,0.0,0.0,0.0,0.0,0.0,0.0,0.0,0.0,0.0,0.0,20.0,17.44298503246847,23.999999999999998,22.288040890697589,20.0,17.58749926444237,20.0,18.200388243542937,20.0,17.294713806089456,15.0,14.829491356543234,20.0,18.41538844617586,708658.0302802991,0.0,0.004891828306540752,375018.5611155069,0.0,0.00235338492406365,444618.4215693715,0.0,0.00306917707456477,354076.1036380568,0.0,0.0024441683187604674,2373784.3025264,0.0,0.0163795085599247,273480.9888117225,0.0,0.002157512320679022,601874.8400116293,0.0,0.004154709681620363,3329029.1864462199,0.0,4.4150908511767839,1778851.9299105225,0.0,3.459159551557116,904868.7212951146,0.0,4.415090785971298,1886730.824146424,0.0,4.415090720766354,13652544.687735765,0.0,4.415090720766361,463849.3337229032,0.0,6.054732784022929,2141930.7338480039,0.0,4.415090916381172,924.7303295683944,0.0,494.12553608625617,0.0,251.35242258197628,0.0,524.0918955962288,0.0,3792.3735243710455,0.0,128.8470371452509,0.0,594.9807594022232,0.0,24157805.417104953,0.0
 12/21  23:00:00,-20.0,0.0006522672222756134,99.99992887727173,98568.80080283129,224541.072,0.0,1760988.6,32722.19999999999,925862.3999999999,0.0,619795.7999999997,0.0,0.0,0.0,0.0,0.0,0.0,0.0,0.0,0.0,0.0,0.0,0.0,20.0,17.43553487765395,24.0,22.27978492865136,20.0,17.579020048134397,20.0,18.189247200446517,19.999999999999998,17.28198869477763,15.0,14.817024244859758,20.0,18.41176869702928,708658.0302802993,0.0,0.004891828306540752,375018.56111550689,0.0,0.00235338492406365,444618.42156937156,0.0,0.00306917707456477,354076.1036380568,0.0,0.0024441683187604674,2373784.3025263997,0.0,0.0163795085599247,273480.9888117225,0.0,0.002157512320679022,601874.8400116293,0.0,0.004154709681620363,3339569.5834897176,0.0,4.415090785971779,1788021.5074593148,0.0,3.4591595515571167,915350.9184404721,0.0,4.415090720766361,1899262.553651744,0.0,4.415090851176227,13719509.820193772,0.0,4.415090851176235,468764.17104280876,0.0,6.054732737538323,2211240.2547792319,0.0,4.415090851176235,927.6582176360325,0.0,496.6726409609207,0.0,254.26414401124226,0.0,527.5729315699289,0.0,3810.9749500538257,0.0,130.21226973411354,0.0,614.2334041053421,0.0,24341718.80905706,0.0
 12/21  24:00:00,-20.0,0.0006522672222756134,99.99992887727173,98568.80080283129,149694.04799999999,0.0,1760988.6,32722.19999999999,617241.5999999999,0.0,619795.7999999997,0.0,0.0,0.0,0.0,0.0,0.0,0.0,0.0,0.0,0.0,0.0,0.0,20.0,17.428772007697014,24.0,22.272706440177286,20.0,17.571413701932156,20.0,18.179758831612049,20.0,17.2712421958798,15.0,14.805908449469545,20.0,18.408504572065625,708658.0302802993,0.0,0.004891828306540752,375018.5611155069,0.0,0.00235338492406365,444618.42156937156,0.0,0.00306917707456477,354076.1036380568,0.0,0.0024441683187604674,2373784.3025264,0.0,0.0163795085599247,273480.9888117225,0.0,0.002157512320679022,601874.8400116294,0.0,0.004154709681620363,3423896.878402916,0.0,4.415090785971722,1795816.0006825724,0.0,3.459159551557117,924695.5428680492,0.0,4.415090720766361,1909853.5864294358,0.0,4.415090851176226,14084351.471218434,0.0,4.4150907207663609,473180.54161267509,0.0,6.054732737538323,2216378.5991856076,0.0,4.415090785971298,951.0824662230323,0.0,498.83777796738129,0.0,256.8598730189026,0.0,530.5148851192877,0.0,3912.3198531162317,0.0,131.4390393368542,0.0,615.6607219960019,0.0,24828172.620399689,0.0
 07/21  01:00:00,21.066000000000004,0.004080370632892142,25.723410111736397,98568.80080283129,149694.04799999999,0.0,1760988.6,32722.19999999999,617241.5999999999,0.0,619795.7999999997,0.0,0.0,0.0,0.0,0.0,0.0,0.0,0.0,0.0,0.0,0.0,0.0,20.0,21.174050181040088,24.0,24.01124510942131,20.0,21.212248995301484,20.0,21.535114446755359,20.0,21.549375886225446,15.0,17.921793426134788,20.0,21.201093421399166,0.0,16285.208278636812,0.00418599760833912,21524.764077181564,0.0,0.0020138204054422515,0.0,10217.486136313195,0.0026263325465693875,0.0,8136.792144940806,0.002091504872121033,0.0,53704.99218729819,0.01401602229972204,0.0,40825.65130517405,0.001846209580092285,0.0,13831.293386153713,0.0035552361409234886,0.0,1173785.5272046542,27.514282417926787,18550.84338862184,0.0,21.553499249452167,0.0,2643306.1217639839,27.504485165634905,0.0,1285326.376175426,27.511173369265586,0.0,5130842.623761584,27.514946162123679,0.0,2823145.219560845,37.72224467388061,0.0,1655731.0629151765,27.51392673913247,0.0,326.0515353346261,5.153012052394956,0.0,0.0,734.2517004899953,0.0,357.0351044931738,0.0,1425.234062155996,0.0,784.2070054335676,0.0,459.9252952542156,18550.84338862184,14712136.931381669
 07/21  02:00:00,20.344,0.0040794065715283318,26.885110129250266,98568.80080283129,149694.04799999999,0.0,1760988.6,32722.19999999999,617241.5999999999,0.0,619795.7999999997,0.0,0.0,0.0,0.0,0.0,0.0,0.0,0.0,0.0,0.0,0.0,0.0,20.0,21.12531751997726,24.0,23.972889867224155,20.0,21.16674177349678,19.999999999999998,21.462126946416239,19.999999999999998,21.477326743614737,15.000000000000004,17.872447802558186,20.0,21.159906304045465,0.0,5284.6069971603569,0.004196299890957847,26889.19271015415,0.0,0.0020187766784508398,0.0,3315.6099575454256,0.0026327962913387625,0.0,2640.4174860939035,0.0020966523366700124,0.0,16869.535380248664,0.014050519439072406,0.0,36056.64147532203,0.0018507533446497625,0.0,4488.303039030217,0.003563986037824323,0.0,1106112.33164051,27.509619849239614,37916.973515552076,0.0,21.54705981930988,0.0,2594875.024779211,27.50222076438564,0.0,1205528.7996598918,27.507044186093006,0.0,4812858.8082793769,27.509334487665666,0.0,2756203.1456990966,37.721215298779217,0.0,1589183.8121006299,27.50897160924951,0.0,307.2534254556972,10.532492643208912,0.0,0.0,720.798617994225,0.0,334.86911101663659,0.0,1336.9052245220492,0.0,765.611984916416,0.0,441.4399478057305,37916.973515552076,14064761.922158717
 07/21  03:00:00,19.831000000000004,0.00407872337392976,27.747216613502628,98568.80080283129,149694.04799999999,0.0,1760988.6,32722.19999999999,617241.5999999999,0.0,619795.7999999997,0.0,0.0,0.0,0.0,0.0,0.0,0.0,0.0,0.0,0.0,0.0,0.0,20.0,21.07827222391675,24.0,23.936545837861389,19.999999999999998,21.12190429680262,20.0,21.39578973674155,20.0,21.40511213285997,15.000000000000002,17.825024950714395,20.0,21.12125144818438,2579.100438645405,13.876671391885376,0.004203651405048631,30717.15231035259,0.0,0.0020223133811611865,1618.1508105479609,8.706348432208684,0.002637408697395738,1288.6297694892008,6.933383279324504,0.00210032547004871,9415.588746537109,0.0,0.014075135951271002,0.0,32653.562059551048,0.001853995689139484,2190.4721283827668,11.785683668312675,0.0035702297988178777,0.0,1044409.8052384569,27.504827024532547,54536.8381659172,0.0,21.541042144994468,0.0,2549485.2477307568,27.499763854302019,0.0,1134462.3710488314,27.502673839065659,0.0,4511546.276657029,27.50361153979658,0.0,2693620.040526537,37.72005379213113,0.0,1529088.5802954846,27.503890201178689,0.0,290.1138347884603,15.149121712754777,0.0,0.0,708.1903465918769,0.0,315.1284364024532,0.0,1253.2072990713969,0.0,748.2277890351495,0.0,424.7468278598567,54536.8381659172,13462612.321497096
 07/21  04:00:00,19.375000000000005,0.004078121112707637,28.54045276665432,98568.80080283129,149694.04799999999,0.0,1760988.6,32722.19999999999,617241.5999999999,0.0,619795.7999999997,0.0,0.0,0.0,0.0,0.0,0.0,0.0,0.0,0.0,0.0,0.0,0.0,20.0,21.03214335632946,24.0,23.90170926906138,20.0,21.07691210515388,19.999999999999998,21.333968743666284,20.0,21.333200294641594,15.0,17.77915108855114,20.000000000000005,21.08417649917615,9566.548963611689,0.0,0.004210208245981678,34131.339341304476,0.0,0.002025467778583656,6002.1388572774999,0.0,0.002641522518366594,4779.8602958870119,0.0,0.0021036015504578029,32859.50004595262,0.0,0.014097091508038572,0.0,29618.329073279296,0.0018568875474509355,8125.02629040946,0.0,0.0035757986309187409,0.0,985412.5002765224,27.500023388387043,71352.30021476728,0.0,21.535534971377076,0.0,2504952.1341292865,27.49718158380393,0.0,1068822.9642960306,27.498190744188656,0.0,4220017.0400703,27.497926781244517,0.0,2633770.9704214769,37.71878493956625,0.0,1472205.7671034425,27.49881212408011,0.0,273.7256945212562,19.82008339299091,0.0,0.0,695.820037258135,0.0,296.8952678600084,0.0,1172.2269555750837,0.0,731.6030473392993,0.0,408.94604641762296,71352.30021476728,12885181.376297057
 07/21  05:00:00,19.014000000000004,0.0040776450424551869,29.185988128585867,98568.80080283129,149694.04799999999,0.0,1760988.6,32722.19999999999,617241.5999999999,0.0,619795.7999999997,0.0,22.260388015317554,0.0,0.0,8.988229049516276,0.0,0.0,9.93264012326117,0.0,0.0,23.846988010972468,0.0,20.0,20.98707869395851,24.0,23.868728701876458,20.0,21.032276379842928,20.0,21.276233672455889,20.0,21.262081926249615,15.0,17.734581533402797,20.0,21.048737514868937,15124.286600217623,0.0,0.0042154131430297519,36841.562810042786,0.0,0.0020279717761642458,9489.113434432924,0.0,0.0026447881175852047,7556.745624673404,0.0,0.0021062021414168729,51469.56656123788,0.0,0.014114520088480326,0.0,27208.923988894385,0.0018591831384183,12845.303642711118,0.0,0.0035802192349960665,0.0,929793.9213017959,27.495263866643975,89217.16182669648,0.0,21.530515850427915,0.0,2462117.5530938289,27.494510339259635,0.0,1008420.7460387175,27.493654250677559,0.0,3941518.979209641,27.49234121717521,0.0,2576509.2616765585,37.717419678118918,0.0,1419097.245809326,27.49379720949941,0.0,258.2760892504989,24.78254495186013,0.0,0.0,683.9215425260636,0.0,280.1168738996438,0.0,1094.8663831137893,0.0,715.6970171323771,0.0,394.19367939147949,89217.16182669648,12337457.70712987
 07/21  06:00:00,19.090000000000005,0.0040777452425175,29.04861238747415,98568.80080283129,149694.04799999999,0.0,1760988.6,32722.19999999999,617241.5999999999,0.0,619795.7999999997,311.7435241058686,1513323.0000593386,1122276.686781127,103.58844984556203,375045.2830460203,372918.41944402336,22.901759655643379,444452.83244384868,82446.33476031616,116.46301213867719,1371906.7275725059,419266.8436992379,20.0,20.998084746632665,24.0,23.89850917053472,20.0,21.009671008494075,20.0,21.28576595440221,20.0,21.207808900561305,15.000000000000002,17.707815036614627,20.0,21.124579742861596,13952.995650439532,0.0,0.004214316213155182,36270.38431377051,0.0,0.00202744405972209,8754.234958445224,0.0,0.002644099893916575,6971.518169394457,0.0,0.0021056540679606275,47547.50237206488,0.0,0.014110847022231744,0.0,27716.705131266237,0.0018586993435822622,11850.507107736517,0.0,0.0035792875945368466,0.0,943567.5284715066,27.490806655664469,71844.64644485915,0.0,21.526193491080784,0.0,2441602.7908207189,27.491904059626394,0.0,1013261.0927161076,27.48935684008147,0.0,3758506.1886934635,27.487152316489558,0.0,2542599.598268878,37.71602742286518,0.0,1520906.496403548,27.48916681182914,0.0,262.1020912420852,19.9568462346831,0.0,0.0,678.2229974501997,0.0,281.46141464336326,0.0,1044.0294968592953,0.0,706.2776661857997,0.0,422.47402677876337,71844.64644485915,12220443.695374225
 07/21  07:00:00,19.869,0.004078774932627342,27.686532904201269,98568.80080283129,853256.0735999999,499607.8919999999,2494733.85,775983.5999999998,3518277.1199999998,290591.27999999999,977370.2999999995,951.2996555429224,4414618.068629378,3424678.759954521,174.84438200068136,566625.9718642847,629439.7752024529,127.01912101873717,797939.9329745863,457268.83566745379,242.81012651820846,3401050.2889213825,874116.4554655504,20.0,21.107833043283074,24.0,24.005125094573516,20.0,21.060256798221105,20.0,21.393736216375836,20.0,21.22151418272196,15.0,17.76309123604615,20.0,21.354225845792365,3031.617994866887,1045.0785173316193,0.004203109450179501,30434.95768949442,0.0,0.0020220526548358514,1902.0643950734194,655.6916607693751,0.002637068670036732,1514.727049543083,522.1662827503052,0.0021000546860312997,10724.355437538321,3246.4880007627868,0.014073321218287277,0.0,32904.434813611784,0.0018537566629531337,2574.8026800954955,887.6022546019569,0.0035697695076954839,0.0,1417456.7456363417,27.487391557536904,0.0,181144.51869030196,21.523273287019074,0.0,2785281.641287471,27.489780361024349,0.0,1419846.2667515707,27.486198113112253,0.0,5225249.564755869,27.4832885073384,0.0,2730305.382121798,37.714816412434668,0.0,2026292.1614319697,27.485781905767305,0.0,393.73798489898379,0.0,50.31792185841721,0.0,773.6893448020753,0.0,394.40174076432529,0.0,1451.458212432186,0.0,758.4181617004997,0.0,562.8589337311028,0.0,15785576.280675322
 07/21  08:00:00,21.883000000000004,0.004081469274818144,24.497708618740047,98568.80080283129,920618.3951999999,499607.8919999999,5077517.130000001,855451.7999999997,3796035.8399999996,290591.27999999999,977370.2999999995,1259.719070423216,5838542.53665857,4534988.653523577,115.8138823153442,391371.25143847506,416929.97633523916,209.52487156812345,732800.5088350293,754289.5376452444,224.86048492135704,4045359.596144389,809497.7457168853,20.0,21.191899249727287,24.0,24.032909004735815,20.0,21.115740255655216,20.0,21.433250411682076,20.0,21.259200751207695,15.0,17.819130570800824,20.0,21.5168393785939,0.0,28647.0475680053,0.00417442045545493,15496.529641604906,0.0,0.0020082508115493496,0.0,17973.415283633083,0.002619068936729814,0.0,14313.299998310045,0.0020857204274251407,0.0,95098.53172889106,0.013977256278710862,0.0,46184.78873934695,0.0018411035411088327,0.0,24330.4054072159,0.0035454034758830505,0.0,1640362.418715124,27.48561037481966,0.0,200326.71621461796,21.522577849530337,0.0,5027814.290859839,27.48873011888146,0.0,1527173.391743476,27.484638331387595,0.0,5858625.827350339,27.481494438140105,0.0,2817525.840898682,37.71400007494756,0.0,2314412.482406445,27.484120887998146,0.0,455.6562274208677,0.0,55.6463100596161,0.0,1396.6150807943996,0.0,424.2148310398544,0.0,1627.3960631528717,0.0,782.6460669163,0.0,642.8923562240125,0.0,19386240.968188526
 07/21  09:00:00,24.657000000000005,0.00408524408984173,20.741594470450964,98568.80080283129,800863.1567999999,499607.8919999999,5077517.130000001,967642.2,3302242.5599999998,290591.27999999999,977370.2999999995,1396.2866457084784,6582555.3011779389,5026631.924550522,133.89851705180463,432873.17670555229,482034.6613864966,345.90571207571926,865746.3534111045,1245260.563472589,279.9445702912908,4168673.6681577258,1007800.4530486469,20.0,21.271839527906687,24.0,24.07388024894815,20.0,21.185518369269475,20.0,21.491752575278484,20.0,21.301742943371069,15.0,17.866826666404337,20.0,21.647153885509924,0.0,70186.39877037029,0.004135517622827424,772.1286101133007,5532.207573734642,0.001989535244674992,0.0,44035.57781540608,0.0025946609496636447,0.0,35068.1507061594,0.0020662828950630477,0.0,234192.70425125829,0.01384699047060146,0.0,64193.03923654222,0.0018239456629698715,0.0,59610.454868055735,0.003512362664711522,0.0,1676842.3057621,27.485950201555427,0.0,237768.63670428279,21.524870832994727,0.0,5122855.536018731,27.488792080079628,0.0,1691732.6510931904,27.485012049459934,0.0,5767394.065067466,27.48231406538293,0.0,2896433.5679810226,37.71376324099529,0.0,2556619.3430880799,27.48455716140339,0.0,465.7895293783613,0.0,66.04684352896743,0.0,1423.01542667187,0.0,469.9257364147751,0.0,1602.053906963185,0.0,804.5648799947289,0.0,710.1720397466886,0.0,19949646.105714874
 07/21  10:00:00,27.355,0.004088984692741835,17.692338629939106,98568.80080283129,800863.1567999999,499607.8919999999,16465243.409999999,1079832.5999999997,3302242.5599999998,290591.27999999999,977370.2999999995,1467.732277530306,7211835.887996329,5283836.199109102,159.5821825626594,490783.0237233292,574495.8572255739,573.7270951741111,981566.0474466581,2065417.5426268,331.7258629236653,3777248.4349331439,1194213.106525195,20.0,21.370949331316227,23.999999999999998,24.126846128415197,20.0,21.277100844406488,20.0,21.55924664371613,20.0,21.356354795220029,15.0,17.924882981829634,20.0,21.731959828041917,0.0,109864.72550011253,0.004098357309532128,0.0,24109.160544914794,0.00197165797760785,0.0,68930.11685578624,0.002571346234897987,0.0,54893.15335488119,0.0020477160004829305,0.0,367055.12193456265,0.013722559595496677,0.0,81394.49428374613,0.0018075563135246812,0.0,93309.90584717869,0.003480801803670348,0.0,1842146.346752782,27.488301058555608,0.0,283508.53902260996,21.52988396571958,0.0,16222229.565883208,27.489328616831615,0.0,1867898.9388635674,27.487137730367395,0.0,6143867.031201295,27.485603501824344,0.0,2986300.0347458857,37.714106011525348,0.0,2719950.1993348936,27.486895158896809,0.0,511.7073185424392,0.0,78.75237195072498,0.0,4506.174879412002,0.0,518.860816350991,0.0,1706.629730889249,0.0,829.5277874294126,0.0,755.5417220374707,0.0,32065900.65580424
 07/21  11:00:00,29.749000000000004,0.004092356063525306,15.406182417814558,98568.80080283129,800863.1567999999,499607.8919999999,20398117.95,1192022.9999999996,3302242.5599999998,290591.27999999999,977370.2999999995,1380.9279652200663,7265034.617501321,4971340.6747922389,182.00215549093833,541064.3298630745,655207.759767378,804.8385381571001,1082128.6597261488,2897418.7373655608,376.93376311549977,2837209.4634413395,1356961.547215799,20.0,21.460605584726204,24.0,24.1804897301451,20.0,21.357312644264476,20.0,21.62577439160222,20.0,21.41901283345272,14.999999999999997,17.983216761048678,20.000000000000005,21.7565710003323,0.0,144480.26104823137,0.004065938217772552,0.0,40989.378193708115,0.0019560616408155686,0.0,90648.21517620672,0.002551006205164387,0.0,72188.56726188888,0.0020315180245859024,0.0,482964.7364585883,0.01361400474418374,0.0,96401.11514375379,0.0017932580536445145,0.0,122709.44558244452,0.003453267739520394,0.0,1994344.3303728398,27.49221187596691,0.0,329070.1930853495,21.536816120738913,0.0,20059280.25488162,27.48995970137878,0.0,2041870.140272256,27.49054907890726,0.0,6524687.382779324,27.490764425729105,0.0,3075741.9850494817,37.714938379704708,0.0,2776724.568900471,27.49074404387551,0.0,553.9845362146778,0.0,91.40838696815263,0.0,5572.022293022672,0.0,567.1861500756268,0.0,1812.4131618831453,0.0,854.3727736248562,0.0,771.3123802501309,0.0,36801718.855341348
 07/21  12:00:00,31.554000000000003,0.004094927158401663,13.899517527680589,98568.80080283129,920618.3951999999,499607.8919999999,20398117.95,1192022.9999999996,3796035.8399999996,290591.27999999999,977370.2999999995,1188.176790024705,6805053.02188703,4277436.444088938,192.24455138889915,558281.2829497503,692080.3850000368,968.3023432238738,1116562.5658995002,3485888.435605945,397.41807438010667,1736693.432983123,1430705.0677683838,20.0,21.524113376772808,24.000000000000008,24.228393872515328,20.0,21.4190699766794,20.0,21.679589599128897,20.0,21.481427510781388,15.0,18.034648489837055,20.0,21.72247558005506,0.0,170225.9808802529,0.004041825976595475,0.0,53544.24212750429,0.001944461604731791,0.0,106801.31134496523,0.00253587796819456,0.0,85052.23884107577,0.0020194705093653619,0.0,569173.8401682117,0.013533265318370543,0.0,107562.46983500518,0.0017826234840621976,0.0,144575.70595453555,0.0034327888192504389,0.0,2212604.0464145469,27.49714458570853,0.0,368152.0448627499,21.544868425464139,0.0,20142007.445975778,27.490768104627127,0.0,2110197.2899925454,27.49486097051233,0.0,7296215.135084821,27.497054110754307,0.0,3152617.77072254,37.71614025787547,0.0,2725715.758372996,27.495749213157603,0.0,614.6122351151519,0.0,102.26445690631943,0.0,5595.002068326605,0.0,586.1659138868181,0.0,2026.7264264124506,0.0,875.7271585340383,0.0,757.143266214721,0.0,38007509.491425979
 07/21  13:00:00,32.884,0.004096835277576894,12.89838847732967,98568.80080283129,946814.8535999999,499607.8919999999,12532368.870000003,967642.2,3904053.119999999,290591.27999999999,977370.2999999995,1048.6964377344648,6462629.692686739,3775307.1758440735,197.40184912864343,563521.7627569186,710646.6568631162,1039.6453205314877,1143156.9108929025,3742723.1539133556,413.2081949092076,1165821.3158121373,1487549.501673147,20.0,21.56258517641801,24.0,24.27045127623205,20.000000000000005,21.465052928842235,20.0,21.720897193497757,20.0,21.540610744757808,15.0,18.074963263988705,20.0,21.668986951817648,0.0,188997.39155620413,0.004024245481295056,0.0,62698.093810423365,0.0019360038932168022,0.0,118578.6632252095,0.0025248478073315149,0.0,94431.24488903051,0.0020106865359818427,0.0,632029.5535048224,0.013474397364446502,0.0,115700.30320233284,0.0017748697046553826,0.0,160518.5716452157,0.0034178574174400626,0.0,2299791.033484664,27.502611972989219,0.0,401012.27215657828,21.553230241783777,0.0,12746720.32817268,27.492026687557027,0.0,1984651.0446271878,27.49985258390457,0.0,7631545.960493804,27.503822386183459,0.0,3212461.970833465,37.71758446541824,0.0,2640164.1594801924,27.501509603915577,0.0,638.8308426346289,0.0,111.39229782127177,0.0,3540.7556467146325,0.0,551.2919568408855,0.0,2119.8738779149455,0.0,892.3505474537404,0.0,733.3789331889425,0.0,30916346.769248569
 07/21  14:00:00,33.815,0.004098176546697337,12.245723895369354,98568.80080283129,827059.6151999999,499607.8919999999,8599494.33,1079832.5999999997,3410259.84,290591.27999999999,977370.2999999995,994.5798699829809,6724692.775295956,3580487.5319387309,198.6371541082482,559750.201666991,715093.7547896934,1166.4801049596334,1597692.9891367094,4199328.37785468,580.16069019136,1119500.4033339823,2088578.4846888963,20.0,21.619087694344914,24.0,24.306931634748584,20.0,21.53962504425803,20.0,21.82885485797987,20.0,21.610291559001955,15.0,18.119987159637604,20.0,21.657241073655308,0.0,202041.7075635777,0.004012028710557382,0.0,69059.13582672169,0.0019301265888076629,0.0,126762.78440331359,0.0025171828954982137,0.0,100948.74753369468,0.0020045825106311044,0.0,675708.1819226384,0.013433489755900828,0.0,121355.31089630725,0.0017694815660830354,0.0,171597.3222901406,0.003407481514509437,0.0,2288304.2075796208,27.50840398829008,0.0,428026.69538438486,21.561469534279636,0.0,9110308.208059192,27.49393274137293,0.0,2201807.387238227,27.505083614157756,0.0,7506946.574278187,27.510891125717938,0.0,3275589.678220557,37.71918867174898,0.0,2629238.6906588866,27.5076681324111,0.0,635.6400576610058,0.0,118.89630427344025,0.0,2530.6411689053318,0.0,611.6131631217294,0.0,2085.262937299496,0.0,909.8860217279328,0.0,730.3440807385796,0.0,27440221.441419059
 07/21  15:00:00,34.1,0.004098587705380734,12.05299189777356,98568.80080283129,800863.1567999999,499607.8919999999,4666619.790000001,1192022.9999999996,3302242.5599999998,290591.27999999999,977370.2999999995,854.3952431677484,7220553.441725241,3075822.875403894,194.41245676510398,544712.0116563141,699884.8443543743,1375.1562865491847,2663571.483448996,4950562.631577065,915.898217743983,1089424.0233126283,3297233.5838783385,20.0,21.662732555019724,24.0,24.335924170834816,20.0,21.612521940874218,20.0,22.012533977841068,20.0,21.69060980201655,15.0,18.177011268259564,20.0,21.65211503683591,0.0,206020.1253369501,0.004008302685781571,0.0,70999.2055405726,0.0019283340544044507,0.0,129258.87949453939,0.002514845154043574,0.0,102936.53657107131,0.002002720828016492,0.0,689029.8308092179,0.013421013240086277,0.0,123080.0455058306,0.0017678382236489237,0.0,174976.25748671327,0.0034043169408081647,0.0,2338979.8301400656,27.514143584402058,0.0,445598.251234301,21.5690981838455,0.0,5467953.624079421,27.49673144120328,0.0,2510225.7122157958,27.509919022999786,0.0,7789782.943735761,27.5177743213839,0.0,3353178.6441485129,37.72084068819046,0.0,2624139.7876152445,27.513777738709178,0.0,649.7166194833515,0.0,123.77729200952808,0.0,1518.8760066887283,0.0,697.2849200599433,0.0,2163.8285954821569,0.0,931.4385122634757,0.0,728.9277187820121,0.0,24529858.7931691
 07/21  16:00:00,33.53,0.004097765898706194,12.44141489279091,98568.80080283129,800863.1567999999,499607.8919999999,4666619.790000001,1192022.9999999996,3302242.5599999998,290591.27999999999,977370.2999999995,639.3704715048446,7277247.812983338,2301733.69741744,177.48837117252985,497155.70622348136,638958.1362211073,1495.973855816001,3667758.978424977,5385505.880937604,1212.5339354740416,994311.4124469628,4365122.167706549,20.0,21.68193733715914,24.0,24.352051835369055,20.0,21.658394924597176,20.000000000000005,22.213830045678607,20.0,21.774413261835087,15.0,18.240316994320119,20.000000000000005,21.638327812399539,0.0,198057.04139911146,0.0040157605847381178,0.0,67116.01908579185,0.0019319219372714884,0.0,124262.76901532019,0.0025195243069221107,0.0,98957.83653074655,0.0020064471158605966,0.0,662365.6093285553,0.013445985859355976,0.0,119627.86747441539,0.0017711274883664595,0.0,168213.08023295366,0.003410651056205854,0.0,2350937.147001174,27.51931629000423,0.0,448403.34601268978,21.575455892136575,0.0,5510670.145862072,27.49976924426118,0.0,2752591.7204070959,27.51404773991366,0.0,8103273.070103056,27.523779061200153,0.0,3436952.717920266,37.72239184589175,0.0,2594851.203166248,27.519310879236224,0.0,653.0380963892151,0.0,124.55648500352493,0.0,1530.7417071839084,0.0,764.6088112241935,0.0,2250.9091861397375,0.0,954.709088311185,0.0,720.7920008795134,0.0,25197679.3504726
 07/21  17:00:00,32.428000000000007,0.004096175106400554,13.231577842321844,98568.80080283129,920618.3951999999,499607.8919999999,2494733.85,967642.2,3796035.8399999996,290591.27999999999,977370.2999999995,414.63237585739946,6694210.471981084,1492676.553086638,158.4454927205205,447350.9835578429,570403.7737938737,1448.1888341378574,4142215.0052570549,5213479.802896286,1347.1556156440454,894701.967115686,4849760.216318564,20.0,21.66624587559076,24.0,24.358570920912088,20.000000000000005,21.669608944563728,20.0,22.382242193538489,20.0,21.848019215292277,14.999999999999999,18.291700928282866,20.0,21.618010034823219,0.0,182580.9179344833,0.004030254910426674,0.0,59569.10964261115,0.001938894939065993,0.0,114552.90996788371,0.002528618177214964,0.0,91225.29804020042,0.002013689105854889,0.0,610544.11647009,0.013494519820301364,0.0,112918.61592670928,0.001777520129853653,0.0,155068.95579455707,0.003422961323756799,0.0,2409368.848603516,27.523476787167096,0.0,441615.7364702874,21.57998212945658,0.0,3539966.0491184906,27.502916603767014,0.0,2779118.898112496,27.517375791000064,0.0,8787326.613504978,27.528365845440299,0.0,3503923.5929881895,37.72372559650625,0.0,2548968.2122629268,27.523806747525076,0.0,669.2691246120876,0.0,122.67103790841316,0.0,983.3239025329142,0.0,771.9774716979157,0.0,2440.924059306939,0.0,973.3121091633859,0.0,708.0467256285908,0.0,24010287.951060885
 07/21  18:00:00,31.022,0.004094165876766726,14.323742534145019,98568.80080283129,946814.8535999999,499607.8919999999,2494733.85,855451.7999999997,3904053.119999999,290591.27999999999,977370.2999999995,265.2489294960346,5967530.9890893739,954896.1461857243,135.3610580315206,383017.26554895719,487299.80891347417,1329.7731081693065,4092939.5050805679,4787183.189409504,1319.9183211059504,738123.520101506,4751705.955981421,20.0,21.636455179580137,24.0,24.355618289297639,20.0,21.66604424531488,20.0,22.488131967798034,20.0,21.90698714131832,15.0,18.329413265793027,20.0,21.587560409910148,0.0,162672.6582048327,0.00404890008546932,0.0,49860.87503602907,0.0019478648519701769,0.0,102062.28876700741,0.0025403163277235628,0.0,81278.27319310882,0.002023005039138166,0.0,543881.6742203811,0.013556952844739581,0.0,104287.93273976914,0.0017857434803429079,0.0,138160.54563380013,0.003438796975462239,0.0,2350054.6968134159,27.526497164336449,0.0,427340.4068887606,21.58255906256688,0.0,3515287.989474135,27.505785418162334,0.0,2813199.1066180129,27.519884511442898,0.0,9003614.944866527,27.531468283490378,0.0,3549793.991390098,37.72479665322888,0.0,2484227.510189146,27.52708351979782,0.0,652.79297133706,0.0,118.7056685802113,0.0,976.4688859650376,0.0,781.4441962827812,0.0,2501.0041513518128,0.0,986.0538864972488,0.0,690.0631972747628,0.0,24143518.646240094
 07/21  19:00:00,29.027,0.004091334263264329,16.057339149397245,98568.80080283129,291903.3936,0.0,1760988.6,32722.19999999999,1203621.1199999999,0.0,619795.7999999997,181.7436989093242,4718570.45640045,654277.3160735671,186.88800822701649,536986.4552256387,672796.8296172593,1058.6848585371759,3556355.5595944777,3811265.490733833,1143.998447370168,788227.7721612449,4118394.410532604,20.0,21.568175476042684,24.0,24.349932175170275,20.0,21.613344388877697,20.0,22.479237641402425,20.0,21.919395843057754,15.0,18.304021972397878,20.0,21.5575800286039,0.0,134100.0934937982,0.004075659764100589,0.0,35927.50403406477,0.001960738530340984,0.0,84135.60469770525,0.0025571055907620866,0.0,67002.18804125102,0.0020363753282473127,0.0,448206.90783142248,0.013646557188944413,0.0,91901.07668307569,0.0017975456874951967,0.0,113893.39973357825,0.0034615244076040667,0.0,1959582.523374446,27.528220941542089,0.0,212632.44214686819,21.58298857340955,0.0,3137145.9083653527,27.50786113874813,0.0,2434276.056893429,27.52149549907356,0.0,7855002.94635554,27.53302849646246,0.0,3393610.0824971699,37.72556347072344,0.0,2273804.4414409778,27.52891120972202,0.0,544.328478715124,0.0,59.064567263018947,0.0,871.4294189903756,0.0,676.187793581508,0.0,2181.9452628765386,0.0,942.6694673603251,0.0,631.6123448447161,0.0,21266054.401073785
 07/21  20:00:00,27.127000000000004,0.004088667664322657,17.918580384185398,98568.80080283129,291903.3936,0.0,1760988.6,32722.19999999999,1203621.1199999999,0.0,810502.1999999997,72.90647738497447,2039945.315837339,262463.31858590806,154.665880613721,468863.3896380828,556797.1702093956,466.68516943350547,1805970.6662812199,1680066.6099606199,580.0863741487655,565031.4361107572,2088310.9469355557,20.0,21.484209125047305,24.0,24.319377081249443,20.0,21.50565560114527,20.0,22.294252595403319,20.0,21.88907612311572,14.999999999999997,18.251422661279606,19.999999999999998,21.502895972108335,0.0,106554.48597165522,0.004101457480882406,0.0,22494.926816227773,0.00197314942335381,0.0,66853.2428047336,0.0025732913102847856,0.0,53239.21497520708,0.0020492649797443135,0.0,355970.8308794216,0.013732940475864089,0.0,79959.4303037871,0.0018089236268382047,0.0,90498.46534772884,0.0034834348298349137,0.0,1813756.3726024854,27.528402707033828,0.0,175457.62946376368,21.580986766725319,0.0,2989993.305822056,27.50898313386842,0.0,2188762.358061521,27.522013759470334,0.0,7582137.77163455,27.532820192609174,0.0,3309693.4487505315,37.725970808411009,0.0,2360084.472759804,27.529059311360478,0.0,503.82121461180147,0.0,48.73823040660102,0.0,830.5536960616821,0.0,607.989543905978,0.0,2106.149381009597,0.0,919.3592913195923,0.0,655.5790202110566,0.0,20419885.359094714
 07/21  21:00:00,25.645000000000004,0.004086605061108203,19.543221634862115,98568.80080283129,198344.61359999999,0.0,1760988.6,32722.19999999999,817845.1199999999,0.0,746933.3999999998,4.70854714913885,13726.416604101572,16950.76973689986,0.9568275352201894,5118.093724954831,3444.5791267926817,7.31382378840341,14292.224065121949,26329.765638252276,4.949883483796283,5695.829150015632,17819.58054166662,20.0,21.395605492805445,24.0,24.20837227146287,20.0,21.394358313955089,20.0,21.966278794089896,20.000000000000005,21.823253073842666,14.999999999999999,18.168391620873345,20.0,21.40319991284586,0.0,84822.24623634566,0.004121810624083424,0.0,11897.230028647744,0.0019829410140158414,0.0,53218.240144199786,0.002586061055376692,0.0,42380.8510817464,0.0020594342875535447,0.0,283200.6891597664,0.013801092727472275,0.0,70538.01112382282,0.0018179002673966334,0.0,72040.9191761145,0.003500721086794425,0.0,1579097.7618268389,27.527331336457836,0.0,99152.68979177508,21.57721438912302,0.0,2856635.972492107,27.509300739817275,0.0,1782864.025209542,27.521543126241999,0.0,6790284.715773527,27.531197486160708,0.0,3184419.862386576,37.72607596100238,0.0,2127922.954109243,27.52790294152865,0.0,438.6382671741221,0.0,27.54241383104863,0.0,793.5099923589187,0.0,495.2400070026506,0.0,1886.1901988259797,0.0,884.5610728851596,0.0,591.0897094747895,0.0,18420377.981589609
 07/21  22:00:00,24.277,0.004084721175184117,21.19475154952209,98568.80080283129,224541.072,0.0,1760988.6,32722.19999999999,925862.3999999999,0.0,683364.5999999996,0.036213026372895477,0.0,130.3668949424237,0.0,0.0,0.0,0.005313815886787587,0.0,19.129737192435316,0.0,0.0,0.0,20.0,21.332627270497964,24.0,24.146619123888429,20.0,21.348621477938666,20.0,21.816339299525184,20.0,21.758197795948555,15.0,18.0943249548228,20.0,21.342728479969887,0.0,64566.243717159,0.0041407810963124519,426.1604736979473,2445.57848920741,0.0019920674224971994,0.0,40509.44198971658,0.002597963300265612,0.0,32260.078945093377,0.0020689127533353708,0.0,215373.67442843747,0.013864615155434218,0.0,61756.57452963719,0.0018262670886781043,0.0,54837.16538433372,0.0035168330187135127,0.0,1489663.374679782,27.52523142123279,0.0,60881.90339400203,21.57222448682415,0.0,2800353.252188417,27.5089300526075,0.0,1602397.866482227,27.520131061097098,0.0,6473208.438086735,27.52843016529002,0.0,3071029.4401187656,37.72591000941836,0.0,1959080.373516437,27.525659169818814,0.0,413.79538185549498,0.0,16.91163983166723,0.0,777.8759033856713,0.0,445.11051846728528,0.0,1798.1134550240932,0.0,853.0637333663236,0.0,544.1889926434549,0.0,17456614.648466369
 07/21  23:00:00,23.099,0.004083112391456706,22.741279872884506,98568.80080283129,224541.072,0.0,1760988.6,32722.19999999999,925862.3999999999,0.0,619795.7999999997,0.0,0.0,0.0,0.0,0.0,0.0,0.0,0.0,0.0,0.0,0.0,0.0,20.0,21.27701615749485,24.0,24.098753091463359,20.0,21.303910638405104,20.0,21.708157782014927,19.999999999999998,21.69067862282489,14.999999999999999,18.030450713179215,20.0,21.29184888499053,0.0,46976.6086558131,0.004157254344478613,6558.143732716371,0.0,0.001999992454091781,0.0,29473.54675846725,0.0026082987643185099,0.0,23471.538942980817,0.0020771434983149065,0.0,156474.93676223997,0.013919775679800897,0.0,54131.06888408904,0.001833532523220307,0.0,39898.00102571768,0.003530824017447498,0.0,1402653.6510824133,27.522250932737046,0.0,31535.01318949507,21.56636603702204,0.0,2747433.635833469,27.50794229680563,0.0,1478963.3897899122,27.51783983483191,0.0,6119912.442128625,27.524691241722896,0.0,2976921.931253851,37.72548541195885,0.0,1808662.2760535246,27.522440297198533,0.0,389.6260141895593,0.0,8.759725885970852,0.0,763.1760099537414,0.0,410.82316383053128,0.0,1699.9756783690628,0.0,826.9227586816256,0.0,502.4061877926458,0.0,16566082.339331292
 07/21  24:00:00,22.035000000000005,0.004081671881126521,24.250902142700317,98568.80080283129,149694.04799999999,0.0,1760988.6,32722.19999999999,617241.5999999999,0.0,619795.7999999997,0.0,0.0,0.0,0.0,0.0,0.0,0.0,0.0,0.0,0.0,0.0,0.0,20.0,21.224797929627014,23.999999999999998,24.05569972155303,20.0,21.258520223969098,20.0,21.617037717923698,20.0,21.62090477918172,15.0,17.97405070840538,20.0,21.24520235878142,0.0,30965.911191384326,0.004172248795395709,14365.738865145342,0.0,0.002007206058601515,0.0,19428.29117582272,0.0026177064176776648,0.0,15471.904235546022,0.002084635372434808,0.0,102863.23515978005,0.013969984485901942,0.0,47190.06864060509,0.001840145742494448,0.0,26299.854157804344,0.0035435590495238578,0.0,1248532.2439365767,27.518568054289717,788.2188668884737,6949.208439407263,21.56005360122142,0.0,2695159.8563051174,27.506458880545094,0.0,1376615.370481362,27.51483200841681,0.0,5467339.02752326,27.520157544831095,0.0,2896280.318940603,37.72483069195907,0.0,1729686.388005857,27.518486547684615,0.0,346.8145122046046,0.21894968524679829,1.9303356776131296,0.0,748.6555156403106,0.0,382.39315846704508,0.0,1518.7052854231279,0.0,804.5223108168342,0.0,480.468441112738,788.2188668884737,15420562.413632185
